<?xml version="1.0" encoding="UTF-8" standalone="no"?>
<!-- Generated 25-Oct-2023, 9:30:54 pm by Hibernate Tools 3.6.2.Final --><!DOCTYPE hibernate-mapping PUBLIC "-//Hibernate/Hibernate Mapping DTD 3.0//EN" "http://www.hibernate.org/dtd/hibernate-mapping-3.0.dtd">
<hibernate-mapping auto-import="true" default-access="property" default-cascade="none" default-lazy="true">
    <class dynamic-insert="false" dynamic-update="false" mutable="true" name="com.java.ims.CustomerPolicy" optimistic-lock="version" polymorphism="implicit" select-before-update="false" table="CUSTOMERPOLICY">
        <id name="Cust_ID" type="java.lang.String">
            <column name="CUST_ID"/>
            <generator class="assigned"/>
        </id>
        <property generated="never" lazy="false" name="policyId" optimistic-lock="true" type="int" unique="false">
            <column name="POLICYID"/>
        </property>
        <property generated="never" lazy="false" name="insuranceId" optimistic-lock="true" type="java.lang.String" unique="false">
            <column name="INSURANCEID"/>
        </property>
        <property generated="never" lazy="false" name="insuranceAmount" optimistic-lock="true" type="double" unique="false">
            <column name="INSURANCEAMOUNT"/>
        </property>
        <property generated="never" lazy="false" name="payMode" optimistic-lock="true" type="java.lang.String" unique="false">
            <column name="PAYMODE"/>
        </property>
        <property generated="never" lazy="false" name="initialAmount" optimistic-lock="true" type="double" unique="false">
            <column name="INITIALAMOUNT"/>
        </property>
        <property generated="never" lazy="false" name="registerDate" optimistic-lock="true" type="java.util.Date" unique="false">
            <column name="REGISTERDATE"/>
        </property>
    </class>
</hibernate-mapping>
