<?xml version="1.0" encoding="UTF-8" standalone="no"?>
<!-- Generated 17-Oct-2023, 10:03:22 am by Hibernate Tools 3.6.2.Final --><!DOCTYPE hibernate-mapping PUBLIC "-//Hibernate/Hibernate Mapping DTD 3.0//EN" "http://www.hibernate.org/dtd/hibernate-mapping-3.0.dtd">
<hibernate-mapping auto-import="true" default-access="property" default-cascade="none" default-lazy="true">
    <class dynamic-insert="false" dynamic-update="false" mutable="true" name="com.java.HMS1.Doctor_Master" optimistic-lock="version" polymorphism="implicit" select-before-update="false" table="DOCTOR_MASTER">
        <id name="doctor_id" type="java.lang.String">
            <column name="DOCTOR_ID"/>
            <generator class="assigned"/>
        </id>
        <property generated="never" lazy="false" name="doctor_name" optimistic-lock="true" type="java.lang.String" unique="false">
            <column name="DOCTOR_NAME"/>
        </property>
        <property generated="never" lazy="false" name="Dept" optimistic-lock="true" type="java.lang.String" unique="false">
            <column name="DEPT"/>
        </property>
    </class>
</hibernate-mapping>
